effect,n_sim,bias,variance,std,std_bias,mse,av_est_std,coverage
direct_effect,100,0.00396171,0.0002467648,0.01570875,0.2521977,0.0002624599,0.01472793,0.93
indirect_effect,100,-0.001949152,9.766798e-06,0.003125188,-0.6236911,1.356599e-05,0.003218264,0.88
